country,avg_suicide_rate
Lesotho,47.60142757206061
Eswatini,40.49081897657575
Guyana,35.49335170466667
Zimbabwe,34.808707671424244
Eritrea,29.338453747545454
